{
	"parent": "item/32x_item",
	"display": {
		"thirdperson_righthand": {
			"rotation": [0, -90, 55],
			"translation": [0, 13.45, -1],
			"scale": [1.7, 1.7, 0.01]
		},
		"thirdperson_lefthand": {
			"rotation": [0, 90, -55],
			"translation": [0, 13.45, -1.15],
			"scale": [1.7, 1.7, 0.01]
		},
		"firstperson_righthand": {
			"rotation": [0, -90, 25],
			"translation": [1.13, 10.45, 3.88],
			"scale": [1.36, 1.36, 0.01]
		},
		"firstperson_lefthand": {
			"rotation": [0, 90, -25],
			"translation": [1.13, 10.45, 3.88],
			"scale": [1.36, 1.36, 0.01]
		},
		"ground": {
			"translation": [4, 6, 0],
			"scale": [1, 1, 0.01]
		},
		"gui": {
			"translation": [8, 8, 0],
			"rotation": [0.1, 0, 0],
			"scale": [2, 2, 0.01]
		},
		"head": {
			"rotation": [0, 180, 0],
			"translation": [-8, 21, 7],
			"scale": [2, 2, 0.01]
		},
		"fixed": {
			"rotation": [0, 180, 0],
			"translation": [-8, 8, 0],
			"scale": [2, 2, 0.01]
		}
	}
}